--DROP TABLE FLIGHT;
CREATE TABLE FLIGHT (
	FLIGHTID INTEGER NOT NULL GENERATED ALWAYS AS IDENTITY (START WITH 1, INCREMENT BY 1),
	ARRIVAL_TIME TIME,
	ARRIVAL_DATE DATE,
	DEPARTURE_TIME TIME,
	DEPARTURE_DATE DATE,
	CONSTRAINT FLIGHT_PK PRIMARY KEY(FLIGHTID)
);

--DROP TABLE AIRPORT;
CREATE TABLE AIRPORT(
	APCODE CHAR(3) NOT NULL,
	APNAME VARCHAR(50) NOT NULL,
	CONSTRAINT AIRPORT_PK PRIMARY KEY(APCODE)
);

--DROP TABLE ROUTE;
CREATE TABLE ROUTE (
	ROUTEID INTEGER NOT NULL GENERATED ALWAYS AS IDENTITY (START WITH 1, INCREMENT BY 1),
	APCODE_SRC CHAR(3) NOT NULL,
	APCODE_DST CHAR(3) NOT NULL,
	CONSTRAINT ROUTE_PK PRIMARY KEY (ROUTEID),
	CONSTRAINT ROUTE_FK1 FOREIGN KEY (APCODE_SRC) REFERENCES AIRPORT(APCODE) ON DELETE CASCADE,
	CONSTRAINT ROUTE_FK2 FOREIGN KEY (APCODE_DST) REFERENCES AIRPORT(APCODE) ON DELETE CASCADE
);

--DROP TABLE FLIGHTSEGMENT;
CREATE TABLE FLIGHTSEGMENT (
	FLIGHTNR INTEGER NOT NULL GENERATED ALWAYS AS IDENTITY (START WITH 1, INCREMENT BY 1),
	ARRIVAL_DATE DATE,
	DEPARTURE_TIME TIME,
	DEPARTURE_DATE DATE,
	ARRIVAL_TIME TIME,
    ROUTEID INTEGER,
	CONSTRAINT FLIGHTSEGMENT_PK PRIMARY KEY(FLIGHTNR),
	CONSTRAINT FLIGHTSEGMENT_FK1 FOREIGN KEY(ROUTEID) REFERENCES ROUTE(ROUTEID)
);

--DROP TABLE FLIGHT_CONSISTS_OF;
CREATE TABLE FLIGHT_CONSISTS_OF(
	FLIGHTID INTEGER NOT NULL,
	FLIGHTNR INTEGER NOT NULL,
	CONSTRAINT FLOWN_BY_AIRPLANE_PK PRIMARY KEY(FLIGHTID, FLIGHTNR),
	CONSTRAINT FLOWN_BY_AIRPLANE_FK1 FOREIGN KEY(FLIGHTID) REFERENCES FLIGHT(FLIGHTID),
	CONSTRAINT FLOWN_BY_AIRPLANE_FK2 FOREIGN KEY(FLIGHTNR) REFERENCES FLIGHTSEGMENT(FLIGHTNR)
);


CREATE INDEX I01 ON FLIGHTSEGMENT(ROUTEID);
CREATE INDEX I02 ON FLIGHT_CONSISTS_OF(FLIGHTID,FLIGHTNR);
CREATE INDEX I03 ON ROUTE(APCODE_SRC,APCODE_DST);


insert into AIRPORT( apcode,apname)
values ('FRA','Frankfurt International Airport'),
('MUC','Munich Airport'),
('TXL','Berlin-Tegel Airport'),
('HAM','Hamburg Airport'),
('KHI','Karachi International Airport'),
('IKA','Imam Khomeini Airport'),
('IGI','Indira Gandhi International Airport'),
('DXB','Dubai International Airport'),
('MUS','Muscat International Airport');

insert into ROUTE(APCODE_SRC,APCODE_DST)
values('FRA','MUC'),
('FRA','TXL'),
('FRA','HAM'),
('FRA','IKA'),
('FRA','IGI'),
('FRA','DXB'),
('DXB','KHI'),
('MUC','DXB'),
('FRA','MUS'),
('MUS','KHI');


insert into FLIGHT(DEPARTURE_DATE,DEPARTURE_TIME,ARRIVAL_DATE,ARRIVAL_TIME )
values ('02/02/2013','09:00:00','02/02/2013','21:00:00');

--PICK THE SOURCE AND DESTINATION AND GET THE ROUTE

insert into FLIGHTSEGMENT(DEPARTURE_DATE,DEPARTURE_TIME,ARRIVAL_DATE,ARRIVAL_TIME,ROUTEID)
values('02/02/2013','09:00:00','02/02/2013','21:00:00',6),
('02/02/2013','09:00:00','02/02/2013','21:00:00',7);


insert into FLIGHT_CONSISTS_OF(FLIGHTID,FLIGHTNR)
values(1,1),
(1,2);
